{"cameraMode":{"drawMode":0,"name":"Shaded","section":"Shading Mode"},"sceneLighting":false,"audioPlay":false,"sceneViewState":{"m_AlwaysRefresh":true,"showFog":false,"showSkybox":false,"showFlares":true,"showImageEffects":true,"showParticleSystems":true,"showVisualEffectGraphs":true,"m_FxEnabled":true},"in2DMode":false,"pivot":{"x":0.43531936407089236,"y":0.4813830852508545,"z":1.7603092193603516},"rotation":{"x":-0.09666446596384049,"y":0.889967679977417,"z":-0.22288954257965089,"w":-0.3859657049179077},"size":0.6111363172531128,"orthographic":true}