{"cameraMode":{"drawMode":0,"name":"Shaded","section":"Shading Mode"},"sceneLighting":true,"audioPlay":false,"sceneViewState":{"m_AlwaysRefresh":false,"showFog":true,"showSkybox":true,"showFlares":true,"showImageEffects":true,"showParticleSystems":true,"showVisualEffectGraphs":true,"m_FxEnabled":true},"in2DMode":false,"pivot":{"x":-4.179564476013184,"y":0.8586437702178955,"z":-0.5201961994171143},"rotation":{"x":-0.07927096635103226,"y":0.6758949756622315,"z":-0.07349362224340439,"w":-0.7290278077125549},"size":5.7549357414245609,"orthographic":false}