{"cameraMode":{"drawMode":0,"name":"Shaded","section":"Shading Mode"},"sceneLighting":false,"audioPlay":false,"sceneViewState":{"m_AlwaysRefresh":true,"showFog":false,"showSkybox":false,"showFlares":true,"showImageEffects":true,"showParticleSystems":true,"showVisualEffectGraphs":true,"m_FxEnabled":true},"in2DMode":false,"pivot":{"x":-0.19198450446128846,"y":10.73996639251709,"z":-0.014657996594905854},"rotation":{"x":0.43179988861083987,"y":-0.5491322875022888,"z":0.5937271118164063,"w":0.39936986565589907},"size":0.09894812852144242,"orthographic":true}