{"cameraMode":{"drawMode":0,"name":"Shaded","section":"Shading Mode"},"sceneLighting":false,"audioPlay":false,"sceneViewState":{"m_AlwaysRefresh":true,"showFog":false,"showSkybox":false,"showFlares":true,"showImageEffects":true,"showParticleSystems":true,"showVisualEffectGraphs":true,"m_FxEnabled":true},"in2DMode":false,"pivot":{"x":0.013291793875396252,"y":0.5337131023406982,"z":1.6791961193084717},"rotation":{"x":0.03455521538853645,"y":0.9618505239486694,"z":-0.1447770595550537,"w":0.22957469522953034},"size":0.7225404381752014,"orthographic":true}