{"cameraMode":{"drawMode":0,"name":"Shaded","section":"Shading Mode"},"sceneLighting":false,"audioPlay":false,"sceneViewState":{"m_AlwaysRefresh":true,"showFog":false,"showSkybox":false,"showFlares":true,"showImageEffects":true,"showParticleSystems":true,"showVisualEffectGraphs":true,"m_FxEnabled":true},"in2DMode":false,"pivot":{"x":-1.0340038537979127,"y":0.05184715986251831,"z":-0.031229496002197267},"rotation":{"x":-0.18349167704582215,"y":0.3153892159461975,"z":-0.06228337064385414,"w":-0.9290099740028381},"size":0.017320500686764718,"orthographic":true}