{"cameraMode":{"drawMode":0,"name":"Shaded","section":"Shading Mode"},"sceneLighting":false,"audioPlay":false,"sceneViewState":{"m_AlwaysRefresh":true,"showFog":false,"showSkybox":false,"showFlares":true,"showImageEffects":true,"showParticleSystems":true,"showVisualEffectGraphs":true,"m_FxEnabled":true},"in2DMode":false,"pivot":{"x":-0.210999995470047,"y":10.744403839111329,"z":0.018014557659626008},"rotation":{"x":-0.08195560425519943,"y":0.8935041427612305,"z":-0.18205277621746064,"w":-0.4022335410118103},"size":0.08459212630987168,"orthographic":true}