{"cameraMode":{"drawMode":0,"name":"Shaded","section":"Shading Mode"},"sceneLighting":true,"audioPlay":false,"sceneViewState":{"m_AlwaysRefresh":true,"showFog":false,"showSkybox":true,"showFlares":true,"showImageEffects":true,"showParticleSystems":true,"showVisualEffectGraphs":true,"m_FxEnabled":true},"in2DMode":false,"pivot":{"x":0.3681291341781616,"y":10.241800308227539,"z":-0.9540351629257202},"rotation":{"x":0.24111615121364594,"y":-0.4020981788635254,"z":0.11063775420188904,"w":0.8763304948806763},"size":45.29069519042969,"orthographic":true}