{"cameraMode":{"drawMode":0,"name":"Shaded","section":"Shading Mode"},"sceneLighting":false,"audioPlay":false,"sceneViewState":{"m_AlwaysRefresh":true,"showFog":false,"showSkybox":false,"showFlares":true,"showImageEffects":true,"showParticleSystems":true,"showVisualEffectGraphs":true,"m_FxEnabled":true},"in2DMode":false,"pivot":{"x":-0.26436376571655276,"y":3.3299291133880617,"z":0.7119016647338867},"rotation":{"x":-0.05088955909013748,"y":0.8270752429962158,"z":-0.0758892223238945,"w":-0.5546162128448486},"size":5.732369422912598,"orthographic":true}