{"cameraMode":{"drawMode":0,"name":"Shaded","section":"Shading Mode"},"sceneLighting":false,"audioPlay":false,"sceneViewState":{"m_AlwaysRefresh":true,"showFog":false,"showSkybox":false,"showFlares":true,"showImageEffects":true,"showParticleSystems":true,"showVisualEffectGraphs":true,"m_FxEnabled":true},"in2DMode":false,"pivot":{"x":-0.16960054636001588,"y":0.3943760395050049,"z":0.2563135623931885},"rotation":{"x":-0.09666446596384049,"y":0.889967679977417,"z":-0.22288954257965089,"w":-0.3859657049179077},"size":1.4221198558807374,"orthographic":true}